{"stop_pi": 0, "Loss_pi": -0.006587475538253784, "Loss_v": 27.318872451782227, "KL": 0.017219705507159233, "WinR": 0.16, "Reward": 28.083333333333332, "_runtime": 169523, "_timestamp": 1645403317, "_step": 599, "_wandb": {"runtime": 169507}}