{"train_lose": 6.905118465423584, "_runtime": 97, "_timestamp": 1650281011, "_step": 46099, "test_lose": 7.685732364654541, "_wandb": {"runtime": 95}}