{"train_lose": 7.0206685066223145, "_runtime": 269, "_timestamp": 1650333107, "_step": 145807, "test_lose": 18.772459030151367}