{"train_lose": 7.150778293609619, "_runtime": 171, "_timestamp": 1650284034, "_step": 91099, "test_lose": 6.948847770690918, "_wandb": {"runtime": 168}}