{"train_lose": 8.288942337036133, "_runtime": 664, "_timestamp": 1650335298, "_step": 351299, "test_lose": 7.758323669433594, "_wandb": {"runtime": 663}}