{"train_lose": 13256.1640625, "_runtime": 23, "_timestamp": 1650334617, "_step": 8682, "test_lose": 29206.0859375}