{"stop_pi": 3, "Loss_pi": -0.15690481662750244, "Loss_v": 0.053607117384672165, "KL": 0.016373785212635994, "WinR": NaN, "Reward": NaN, "_runtime": 3231, "_timestamp": 1645193800, "_step": 45}