{"stop_pi": 0, "Loss_pi": -0.04949130862951279, "Loss_v": 141.75177001953125, "KL": 0.017330612987279892, "WinR": 0.5, "Reward": 116.0, "_runtime": 280, "_timestamp": 1645194695, "_step": 1, "_wandb": {"runtime": 278}}