{"train_lose": 7.47645902633667, "_runtime": 72, "_timestamp": 1650283817, "_step": 34057, "test_lose": 7.048956871032715, "_wandb": {"runtime": 70}}