{"stop_pi": 0, "Loss_pi": 0.021446626633405685, "Loss_v": 0.13692237436771393, "KL": 0.037426263093948364, "WinR": 0.0, "Reward": 13.0, "_runtime": 402, "_timestamp": 1645194340, "_step": 0, "_wandb": {"runtime": 400}}