{"train_lose": 7.972697734832764, "_runtime": 89, "_timestamp": 1650281608, "_step": 46099, "test_lose": 7.454832077026367, "_wandb": {"runtime": 87}}