{"train_lose": 7.941446304321289, "_runtime": 196, "_timestamp": 1650333395, "_step": 117099, "test_lose": 8.787370681762695, "_wandb": {"runtime": 194}}